Analysis,Phased,chrom,Memory (Kb),Runtime (sec.),XPCLR runtime,XPCLR memory,Fold improvement (runtime),Fold improvement (memory)
"xpclrs (8 threads, --fast)",no,15,"578,244.000",332,"18,703","7,983,924.000",56.334,13.807
xpclrs (8 threads),no,18,"554,504.000",378,"19,307","7,493,428.000",51.077,13.514
xpclrs (1 thread),no,14,"642,788.000","1,026","22,440","8,764,848.000",21.871,13.636
xpclr,no,10,"13,071,768.000","31,053","31,053","13,071,768.000",1.000,1.000
xpclrs (1 thread),yes,4,"1,965,016.000","2,450","45,301","18,765,476.000",18.490,9.550
xpclrs (1 thread),yes,5,"1,724,560.000","2,161","40,512","17,191,672.000",18.747,9.969
xpclr,no,11,"13,260,836.000","32,447","32,447","13,260,836.000",1.000,1.000
xpclrs (1 thread),no,15,"577,004.000",922,"18,703","7,983,924.000",20.285,13.837
xpclrs (8 threads),no,19,"465,356.000",304,"14,241","6,055,488.000",46.845,13.013
"xpclrs (8 threads, --fast)",no,14,"645,248.000",364,"22,440","8,764,848.000",61.648,13.584
"xpclrs (8 threads, --fast)",no,16,"632,348.000",370,"19,882","8,858,816.000",53.735,14.009
xpclrs (1 thread),no,17,"552,872.000",908,"18,166","7,702,276.000",20.007,13.931
xpclr,no,13,"9,419,052.000","23,237","23,237","9,419,052.000",1.000,1.000
xpclrs (1 thread),yes,7,"1,608,588.000","1,906","37,699","15,429,732.000",19.779,9.592
"xpclrs (8 threads, --plink, --fast)",no,8,"6,466,644.000",58,"35,066","15,023,728.000",604.586,2.323
xpclrs (8 threads),no,9,"867,216.000",591,"26,767","11,703,072.000",45.291,13.495
"xpclrs (8 threads, --plink)",no,8,"6,467,376.000",180,"35,066","15,023,728.000",194.811,2.323
"xpclrs (8 threads, --plink)",no,9,"5,034,064.000",140,"26,767","11,703,072.000",191.193,2.325
xpclrs (8 threads),no,8,"1,081,100.000",767,"35,066","15,023,728.000",45.718,13.897
"xpclrs (8 threads, --plink, --fast)",no,9,"5,035,528.000",42,"26,767","11,703,072.000",637.310,2.324
xpclrs (1 thread),yes,6,"1,805,500.000","2,139","41,025","16,448,072.000",19.180,9.110
xpclr,no,12,"12,676,484.000","30,950","30,950","12,676,484.000",1.000,1.000
xpclrs (1 thread),no,16,"631,380.000","1,013","19,882","8,858,816.000",19.627,14.031
"xpclrs (8 threads, --fast)",no,17,"551,408.000",319,"18,166","7,702,276.000",56.947,13.968
"xpclrs (8 threads, --fast)",no,13,"710,424.000",394,"23,237","9,419,052.000",58.977,13.258
xpclrs (8 threads),no,22,"287,624.000",183,"8,782","3,690,484.000",47.989,12.831
xpclrs (1 thread),no,12,"938,080.000","1,533","30,950","12,676,484.000",20.189,13.513
xpclrs (1 thread),yes,2,"2,296,304.000","2,894","55,916","23,125,684.000",19.321,10.071
xpclr,no,16,"8,858,816.000","19,882","19,882","8,858,816.000",1.000,1.000
xpclr,no,17,"7,702,276.000","18,166","18,166","7,702,276.000",1.000,1.000
xpclrs (1 thread),yes,3,"1,932,860.000","2,416","46,222","19,059,380.000",19.132,9.861
xpclrs (1 thread),no,13,"716,080.000","1,125","23,237","9,419,052.000",20.655,13.154
"xpclrs (8 threads, --fast)",no,12,"939,600.000",534,"30,950","12,676,484.000",57.959,13.491
"xpclrs (8 threads, --fast)",no,10,"998,168.000",557,"31,053","13,071,768.000",55.750,13.096
xpclrs (1 thread),no,11,"963,876.000","1,550","32,447","13,260,836.000",20.934,13.758
xpclrs (8 threads),no,21,"284,056.000",184,"8,786","3,694,968.000",47.750,13.008
xpclrs (1 thread),yes,1,"2,150,476.000","2,609","52,992","21,152,664.000",20.311,9.836
xpclr,no,15,"7,983,924.000","18,703","18,703","7,983,924.000",1.000,1.000
xpclr,no,14,"8,764,848.000","22,440","22,440","8,764,848.000",1.000,1.000
xpclrs (8 threads),no,20,"433,860.000",300,"14,236","6,013,652.000",47.453,13.861
xpclrs (1 thread),no,10,"992,540.000","1,571","31,053","13,071,768.000",19.766,13.170
"xpclrs (8 threads, --fast)",no,11,"969,824.000",561,"32,447","13,260,836.000",57.838,13.673
xpclrs (8 threads),yes,13,"998,220.000",499,"22,727","9,418,624.000",45.545,9.435
xpclr,yes,11,"13,259,116.000","30,982","30,982","13,259,116.000",1.000,1.000
"xpclrs (8 threads, --plink, --fast)",no,10,"5,672,820.000",47,"31,053","13,071,768.000",660.702,2.304
"xpclrs (8 threads, --fast)",no,5,"1,236,168.000",732,"40,729","17,199,296.000",55.641,13.913
xpclr,yes,8,"15,025,372.000","35,557","35,557","15,025,372.000",1.000,1.000
"xpclrs (1 thread, --plink)",no,1,"9,134,424.000","1,688","52,485","21,162,396.000",31.093,2.317
"xpclrs (1 thread, --plink)",no,10,"5,672,652.000","1,051","31,053","13,071,768.000",29.546,2.304
"xpclrs (8 threads, --plink)",no,20,"2,566,984.000",72,"14,236","6,013,652.000",197.722,2.343
"xpclrs (8 threads, --fast)",yes,20,"606,280.000",254,"15,285","6,013,692.000",60.177,9.919
"xpclrs (8 threads, --fast)",yes,21,"394,540.000",155,"9,266","3,694,956.000",59.781,9.365
"xpclrs (8 threads, --plink)",no,21,"1,579,316.000",45,"8,786","3,694,968.000",195.244,2.340
"xpclrs (1 thread, --plink)",no,11,"5,707,608.000","1,021","32,447","13,260,836.000",31.780,2.323
xpclrs (1 thread),no,1,"1,541,108.000","2,498","52,485","21,162,396.000",21.011,13.732
xpclr,yes,9,"11,704,808.000","26,933","26,933","11,704,808.000",1.000,1.000
"xpclrs (8 threads, --fast)",no,4,"1,411,836.000",813,"45,128","18,775,756.000",55.508,13.299
"xpclrs (8 threads, --plink, --fast)",no,11,"5,710,236.000",47,"32,447","13,260,836.000",690.362,2.322
xpclr,yes,10,"13,073,232.000","31,130","31,130","13,073,232.000",1.000,1.000
xpclrs (1 thread),yes,22,"392,460.000",452,"9,642","3,690,500.000",21.332,9.404
xpclrs (8 threads),yes,12,"1,310,116.000",664,"30,779","12,681,500.000",46.354,9.680
xpclrs (1 thread),yes,20,"602,800.000",727,"15,285","6,013,692.000",21.025,9.976
xpclrs (8 threads),yes,10,"1,395,548.000",719,"31,130","13,073,232.000",43.296,9.368
xpclr,yes,12,"12,681,500.000","30,779","30,779","12,681,500.000",1.000,1.000
"xpclrs (8 threads, --plink, --fast)",no,13,"4,058,140.000",34,"23,237","9,419,052.000",683.441,2.321
"xpclrs (8 threads, --fast)",no,6,"1,335,244.000",705,"40,243","16,446,480.000",57.082,12.317
"xpclrs (1 thread, --plink)",no,2,"9,956,464.000","1,792","55,656","23,126,816.000",31.058,2.323
xpclrs (1 thread),no,3,"1,381,280.000","2,314","44,647","19,069,468.000",19.294,13.806
"xpclrs (8 threads, --fast)",yes,8,"1,505,704.000",667,"35,557","15,025,372.000",53.309,9.979
"xpclrs (1 thread, --plink)",no,13,"4,059,488.000",756,"23,237","9,419,052.000",30.737,2.320
"xpclrs (8 threads, --fast)",yes,22,"398,608.000",154,"9,642","3,690,500.000",62.610,9.258
"xpclrs (1 thread, --plink)",no,12,"5,471,500.000","1,005","30,950","12,676,484.000",30.796,2.317
"xpclrs (8 threads, --plink)",no,22,"1,572,612.000",45,"8,782","3,690,484.000",195.156,2.347
xpclrs (1 thread),no,2,"1,640,788.000","2,794","55,656","23,126,816.000",19.920,14.095
"xpclrs (8 threads, --fast)",yes,9,"1,208,144.000",510,"26,933","11,704,808.000",52.810,9.688
"xpclrs (1 thread, --plink)",no,3,"8,223,340.000","1,481","44,647","19,069,468.000",30.147,2.319
"xpclrs (8 threads, --fast)",no,7,"1,157,088.000",654,"36,948","15,427,828.000",56.495,13.333
"xpclrs (8 threads, --plink, --fast)",no,12,"5,474,412.000",44,"30,950","12,676,484.000",703.409,2.316
xpclr,yes,13,"9,418,624.000","22,727","22,727","9,418,624.000",1.000,1.000
xpclrs (8 threads),yes,11,"1,352,800.000",692,"30,982","13,259,116.000",44.772,9.801
xpclrs (1 thread),yes,21,"392,044.000",450,"9,266","3,694,956.000",20.591,9.425
xpclrs (1 thread),yes,19,"643,272.000",747,"15,417","6,055,516.000",20.639,9.414
xpclr,yes,17,"7,702,384.000","19,323","19,323","7,702,384.000",1.000,1.000
xpclrs (8 threads),yes,15,"810,436.000",412,"18,623","7,982,736.000",45.201,9.850
"xpclrs (8 threads, --plink, --fast)",no,16,"3,793,692.000",32,"19,882","8,858,816.000",621.313,2.335
xpclrs (8 threads),yes,8,"1,507,944.000",784,"35,557","15,025,372.000",45.353,9.964
"xpclrs (8 threads, --fast)",no,3,"1,382,852.000",816,"44,647","19,069,468.000",54.714,13.790
"xpclrs (1 thread, --plink)",no,7,"6,685,572.000","1,219","36,948","15,427,828.000",30.310,2.308
xpclr,no,9,"11,703,072.000","26,767","26,767","11,703,072.000",1.000,1.000
xpclrs (1 thread),no,6,"1,289,100.000","2,057","40,243","16,446,480.000",19.564,12.758
"xpclrs (1 thread, --plink)",no,16,"3,794,844.000",666,"19,882","8,858,816.000",29.853,2.334
"xpclrs (1 thread, --plink)",no,17,"3,286,448.000",587,"18,166","7,702,276.000",30.947,2.344
xpclr,no,8,"15,023,728.000","35,066","35,066","15,023,728.000",1.000,1.000
xpclrs (1 thread),no,7,"1,149,448.000","1,857","36,948","15,427,828.000",19.897,13.422
"xpclrs (1 thread, --plink)",no,6,"7,175,864.000","1,375","40,243","16,446,480.000",29.268,2.292
"xpclrs (8 threads, --fast)",no,2,"1,642,088.000",982,"55,656","23,126,816.000",56.676,14.084
xpclrs (8 threads),yes,9,"1,203,268.000",610,"26,933","11,704,808.000",44.152,9.728
"xpclrs (8 threads, --plink, --fast)",no,17,"3,287,300.000",27,"18,166","7,702,276.000",672.815,2.343
xpclrs (8 threads),yes,14,"897,092.000",456,"20,965","8,763,952.000",45.976,9.769
xpclr,yes,16,"8,858,828.000","21,122","21,122","8,858,828.000",1.000,1.000
xpclrs (1 thread),yes,18,"770,560.000",915,"19,197","7,496,860.000",20.980,9.729
xpclr,yes,14,"8,763,952.000","20,965","20,965","8,763,952.000",1.000,1.000
xpclrs (8 threads),yes,16,"882,172.000",464,"21,122","8,858,828.000",45.522,10.042
"xpclrs (8 threads, --plink, --fast)",no,15,"3,418,788.000",28,"18,703","7,983,924.000",667.964,2.335
xpclrs (1 thread),no,5,"1,232,848.000","2,085","40,729","17,199,296.000",19.534,13.951
"xpclrs (1 thread, --plink)",no,4,"8,128,352.000","1,517","45,128","18,775,756.000",29.748,2.310
"xpclrs (8 threads, --plink)",no,19,"2,614,596.000",74,"14,241","6,055,488.000",192.446,2.316
"xpclrs (1 thread, --plink)",no,15,"3,422,112.000",608,"18,703","7,983,924.000",30.762,2.333
"xpclrs (8 threads, --fast)",yes,19,"648,528.000",262,"15,417","6,055,516.000",58.844,9.337
"xpclrs (8 threads, --fast)",yes,18,"773,740.000",319,"19,197","7,496,860.000",60.179,9.689
"xpclrs (1 thread, --plink)",no,14,"3,756,932.000",682,"22,440","8,764,848.000",32.903,2.333
"xpclrs (8 threads, --plink)",no,18,"3,211,704.000",91,"19,307","7,493,428.000",212.165,2.333
"xpclrs (1 thread, --plink)",no,5,"7,412,956.000","1,330","40,729","17,199,296.000",30.623,2.320
xpclrs (1 thread),no,4,"1,404,644.000","2,351","45,128","18,775,756.000",19.195,13.367
"xpclrs (8 threads, --fast)",no,1,"1,545,400.000",905,"52,485","21,162,396.000",57.994,13.694
"xpclrs (8 threads, --plink, --fast)",no,14,"3,754,960.000",31,"22,440","8,764,848.000",723.871,2.334
xpclrs (8 threads),yes,17,"769,256.000",398,"19,323","7,702,384.000",48.550,10.013
xpclr,yes,15,"7,982,736.000","18,623","18,623","7,982,736.000",1.000,1.000
xpclr,yes,18,"7,496,860.000","19,197","19,197","7,496,860.000",1.000,1.000
xpclrs (1 thread),yes,16,"880,300.000","1,077","21,122","8,858,828.000",19.612,10.063
"xpclrs (8 threads, --plink, --fast)",no,19,"2,612,364.000",22,"14,241","6,055,488.000",647.318,2.318
xpclr,yes,1,"21,152,664.000","52,992","52,992","21,152,664.000",1.000,1.000
xpclrs (8 threads),yes,7,"1,611,816.000",807,"37,699","15,429,732.000",46.715,9.573
"xpclrs (1 thread, --plink)",no,8,"6,466,352.000","1,161","35,066","15,023,728.000",30.203,2.323
xpclrs (1 thread),no,9,"860,272.000","1,385","26,767","11,703,072.000",19.326,13.604
xpclr,no,6,"16,446,480.000","40,243","40,243","16,446,480.000",1.000,1.000
"xpclrs (8 threads, --fast)",yes,2,"2,301,696.000","1,030","55,916","23,125,684.000",54.287,10.047
"xpclrs (8 threads, --plink)",no,15,"3,420,044.000",95,"18,703","7,983,924.000",196.874,2.334
"xpclrs (8 threads, --fast)",yes,15,"807,404.000",342,"18,623","7,982,736.000",54.453,9.887
"xpclrs (1 thread, --plink)",no,19,"2,617,164.000",478,"14,241","6,055,488.000",29.793,2.314
"xpclrs (1 thread, --plink)",no,18,"3,212,936.000",582,"19,307","7,493,428.000",33.174,2.332
"xpclrs (8 threads, --fast)",yes,14,"897,000.000",376,"20,965","8,763,952.000",55.758,9.770
"xpclrs (8 threads, --plink)",no,14,"3,757,420.000",119,"22,440","8,764,848.000",188.571,2.333
xpclrs (1 thread),no,8,"1,071,412.000","1,778","35,066","15,023,728.000",19.722,14.022
"xpclrs (8 threads, --fast)",yes,3,"1,934,164.000",860,"46,222","19,059,380.000",53.747,9.854
xpclr,no,7,"15,427,828.000","36,948","36,948","15,427,828.000",1.000,1.000
"xpclrs (1 thread, --plink)",no,9,"5,037,608.000",895,"26,767","11,703,072.000",29.907,2.323
xpclrs (8 threads),yes,6,"1,835,204.000",890,"41,025","16,448,072.000",46.096,8.963
"xpclrs (8 threads, --plink, --fast)",no,18,"3,213,680.000",26,"19,307","7,493,428.000",742.577,2.332
xpclrs (1 thread),yes,17,"770,664.000",937,"19,323","7,702,384.000",20.622,9.994
xpclr,yes,19,"6,055,516.000","15,417","15,417","6,055,516.000",1.000,1.000
xpclrs (1 thread),yes,15,"805,748.000",982,"18,623","7,982,736.000",18.964,9.907
xpclrs (8 threads),yes,19,"649,124.000",312,"15,417","6,055,516.000",49.413,9.329
xpclr,yes,2,"23,125,684.000","55,916","55,916","23,125,684.000",1.000,1.000
xpclrs (8 threads),yes,4,"1,972,448.000","1,003","45,301","18,765,476.000",45.166,9.514
xpclr,no,5,"17,199,296.000","40,729","40,729","17,199,296.000",1.000,1.000
"xpclrs (8 threads, --fast)",yes,1,"2,157,476.000",941,"52,992","21,152,664.000",56.315,9.804
"xpclrs (8 threads, --plink)",no,16,"3,792,564.000",105,"19,882","8,858,816.000",189.352,2.336
"xpclrs (8 threads, --fast)",yes,16,"882,444.000",381,"21,122","8,858,828.000",55.438,10.039
"xpclrs (8 threads, --fast)",yes,17,"771,904.000",329,"19,323","7,702,384.000",58.733,9.978
"xpclrs (8 threads, --plink)",no,17,"3,282,904.000",92,"18,166","7,702,276.000",197.457,2.346
xpclr,no,4,"18,775,756.000","45,128","45,128","18,775,756.000",1.000,1.000
xpclrs (8 threads),yes,5,"1,732,540.000",904,"40,512","17,191,672.000",44.814,9.923
xpclr,yes,3,"19,059,380.000","46,222","46,222","19,059,380.000",1.000,1.000
xpclrs (8 threads),yes,18,"772,148.000",386,"19,197","7,496,860.000",49.733,9.709
xpclrs (1 thread),yes,14,"896,748.000","1,077","20,965","8,763,952.000",19.466,9.773
xpclr,yes,22,"3,690,500.000","9,642","9,642","3,690,500.000",1.000,1.000
xpclrs (8 threads),yes,20,"605,092.000",307,"15,285","6,013,692.000",49.788,9.938
xpclrs (1 thread),yes,10,"1,392,160.000","1,651","31,130","13,073,232.000",18.855,9.391
xpclr,yes,7,"15,429,732.000","37,699","37,699","15,429,732.000",1.000,1.000
xpclrs (8 threads),yes,1,"2,157,780.000","1,147","52,992","21,152,664.000",46.201,9.803
"xpclrs (8 threads, --fast)",yes,4,"1,976,532.000",836,"45,301","18,765,476.000",54.188,9.494
"xpclrs (8 threads, --fast)",yes,13,"991,808.000",411,"22,727","9,418,624.000",55.297,9.496
"xpclrs (8 threads, --plink)",no,13,"4,060,216.000",118,"23,237","9,419,052.000",196.924,2.320
"xpclrs (8 threads, --plink)",no,12,"5,473,784.000",156,"30,950","12,676,484.000",198.397,2.316
"xpclrs (1 thread, --plink)",no,22,"1,573,472.000",289,"8,782","3,690,484.000",30.388,2.345
"xpclrs (8 threads, --fast)",yes,12,"1,311,184.000",547,"30,779","12,681,500.000",56.269,9.672
"xpclrs (8 threads, --fast)",yes,5,"1,728,336.000",755,"40,512","17,191,672.000",53.658,9.947
xpclr,no,1,"21,162,396.000","52,485","52,485","21,162,396.000",1.000,1.000
xpclr,yes,6,"16,448,072.000","41,025","41,025","16,448,072.000",1.000,1.000
"xpclrs (8 threads, --plink, --fast)",no,22,"1,571,904.000",13,"8,782","3,690,484.000",675.538,2.348
xpclrs (1 thread),yes,11,"1,355,128.000","1,620","30,982","13,259,116.000",19.125,9.784
xpclrs (8 threads),yes,21,"395,724.000",186,"9,266","3,694,956.000",49.817,9.337
xpclr,yes,21,"3,694,956.000","9,266","9,266","3,694,956.000",1.000,1.000
xpclrs (1 thread),yes,13,"991,660.000","1,177","22,727","9,418,624.000",19.309,9.498
"xpclrs (8 threads, --plink, --fast)",no,20,"2,564,864.000",21,"14,236","6,013,652.000",677.905,2.345
"xpclrs (8 threads, --fast)",no,9,"868,172.000",491,"26,767","11,703,072.000",54.515,13.480
xpclr,yes,4,"18,765,476.000","45,301","45,301","18,765,476.000",1.000,1.000
xpclrs (8 threads),yes,2,"2,304,456.000","1,221","55,916","23,125,684.000",45.795,10.035
xpclr,no,3,"19,069,468.000","44,647","44,647","19,069,468.000",1.000,1.000
"xpclrs (8 threads, --fast)",yes,7,"1,616,656.000",688,"37,699","15,429,732.000",54.795,9.544
"xpclrs (8 threads, --fast)",yes,10,"1,394,992.000",577,"31,130","13,073,232.000",53.951,9.372
"xpclrs (8 threads, --plink)",no,10,"5,673,396.000",163,"31,053","13,071,768.000",190.509,2.304
"xpclrs (1 thread, --plink)",no,20,"2,567,364.000",460,"14,236","6,013,652.000",30.948,2.342
"xpclrs (1 thread, --plink)",no,21,"1,575,116.000",287,"8,786","3,694,968.000",30.613,2.346
"xpclrs (8 threads, --plink)",no,11,"5,711,200.000",160,"32,447","13,260,836.000",202.794,2.322
"xpclrs (8 threads, --fast)",yes,11,"1,356,040.000",577,"30,982","13,259,116.000",53.695,9.778
"xpclrs (8 threads, --fast)",yes,6,"1,851,380.000",741,"41,025","16,448,072.000",55.364,8.884
xpclr,no,2,"23,126,816.000","55,656","55,656","23,126,816.000",1.000,1.000
xpclrs (8 threads),yes,3,"1,934,544.000",999,"46,222","19,059,380.000",46.268,9.852
xpclr,yes,5,"17,191,672.000","40,512","40,512","17,191,672.000",1.000,1.000
"xpclrs (8 threads, --fast)",no,8,"1,075,360.000",648,"35,066","15,023,728.000",54.114,13.971
"xpclrs (8 threads, --plink, --fast)",no,21,"1,573,300.000",13,"8,786","3,694,968.000",675.846,2.349
xpclrs (8 threads),yes,22,"397,868.000",186,"9,642","3,690,500.000",51.839,9.276
xpclrs (1 thread),yes,12,"1,308,284.000","1,575","30,779","12,681,500.000",19.542,9.693
xpclr,yes,20,"6,013,692.000","15,285","15,285","6,013,692.000",1.000,1.000
"xpclrs (8 threads, --fast)",no,20,"436,716.000",248,"14,236","6,013,652.000",57.403,13.770
xpclrs (8 threads),no,11,"969,808.000",681,"32,447","13,260,836.000",47.646,13.674
xpclrs (1 thread),no,21,"279,748.000",429,"8,786","3,694,968.000",20.480,13.208
xpclr,no,19,"6,055,488.000","14,241","14,241","6,055,488.000",1.000,1.000
"xpclrs (8 threads, --plink, --fast)",no,2,"9,954,240.000",80,"55,656","23,126,816.000",695.700,2.323
xpclrs (8 threads),no,3,"1,383,020.000",975,"44,647","19,069,468.000",45.792,13.788
"xpclrs (8 threads, --plink)",no,2,"9,955,008.000",279,"55,656","23,126,816.000",199.484,2.323
"xpclrs (8 threads, --plink)",no,3,"8,224,140.000",231,"44,647","19,069,468.000",193.277,2.319
xpclrs (8 threads),no,2,"1,649,752.000","1,185","55,656","23,126,816.000",46.967,14.018
"xpclrs (8 threads, --plink, --fast)",no,3,"8,226,120.000",67,"44,647","19,069,468.000",666.373,2.318
xpclr,no,18,"7,493,428.000","19,307","19,307","7,493,428.000",1.000,1.000
xpclrs (1 thread),no,20,"435,808.000",690,"14,236","6,013,652.000",20.632,13.799
xpclrs (8 threads),no,10,"1,004,152.000",670,"31,053","13,071,768.000",46.348,13.018
"xpclrs (8 threads, --fast)",no,21,"286,620.000",150,"8,786","3,694,968.000",58.573,12.892
xpclrs (1 thread),no,22,"281,004.000",430,"8,782","3,690,484.000",20.423,13.133
xpclrs (8 threads),no,12,"946,428.000",648,"30,950","12,676,484.000",47.762,13.394
"xpclrs (8 threads, --plink, --fast)",no,1,"9,127,180.000",74,"52,485","21,162,396.000",709.257,2.319
"xpclrs (8 threads, --plink)",no,1,"9,128,092.000",260,"52,485","21,162,396.000",201.865,2.318
xpclrs (8 threads),no,1,"1,544,120.000","1,081","52,485","21,162,396.000",48.552,13.705
xpclrs (8 threads),no,13,"710,428.000",477,"23,237","9,419,052.000",48.715,13.258
"xpclrs (8 threads, --fast)",no,22,"289,312.000",151,"8,782","3,690,484.000",58.159,12.756
xpclrs (8 threads),no,17,"552,204.000",386,"18,166","7,702,276.000",47.062,13.948
"xpclrs (8 threads, --plink, --fast)",no,4,"8,126,632.000",68,"45,128","18,775,756.000",663.647,2.310
"xpclrs (8 threads, --plink)",no,4,"8,128,268.000",234,"45,128","18,775,756.000",192.855,2.310
xpclrs (8 threads),no,5,"1,236,948.000",880,"40,729","17,199,296.000",46.283,13.905
xpclrs (8 threads),no,4,"1,409,740.000",974,"45,128","18,775,756.000",46.333,13.319
"xpclrs (8 threads, --plink)",no,5,"7,415,696.000",207,"40,729","17,199,296.000",196.758,2.319
"xpclrs (8 threads, --plink, --fast)",no,5,"7,415,180.000",60,"40,729","17,199,296.000",678.817,2.319
xpclr,no,22,"3,690,484.000","8,782","8,782","3,690,484.000",1.000,1.000
xpclrs (8 threads),no,16,"631,812.000",451,"19,882","8,858,816.000",44.084,14.021
"xpclrs (8 threads, --fast)",no,19,"465,576.000",252,"14,241","6,055,488.000",56.512,13.006
xpclrs (8 threads),no,14,"643,444.000",440,"22,440","8,764,848.000",51.000,13.622
xpclrs (1 thread),no,18,"551,496.000",879,"19,307","7,493,428.000",21.965,13.587
xpclrs (1 thread),yes,8,"1,507,308.000","1,830","35,557","15,025,372.000",19.430,9.968
xpclr,no,20,"6,013,652.000","14,236","14,236","6,013,652.000",1.000,1.000
"xpclrs (8 threads, --plink, --fast)",no,7,"6,679,468.000",55,"36,948","15,427,828.000",671.782,2.310
xpclrs (8 threads),no,6,"1,323,236.000",862,"40,243","16,446,480.000",46.686,12.429
"xpclrs (8 threads, --plink)",no,7,"6,683,592.000",190,"36,948","15,427,828.000",194.463,2.308
"xpclrs (8 threads, --plink)",no,6,"7,175,084.000",212,"40,243","16,446,480.000",189.825,2.292
xpclrs (8 threads),no,7,"1,154,812.000",788,"36,948","15,427,828.000",46.888,13.360
"xpclrs (8 threads, --plink, --fast)",no,6,"7,175,112.000",73,"40,243","16,446,480.000",551.274,2.292
xpclr,no,21,"3,694,968.000","8,786","8,786","3,694,968.000",1.000,1.000
xpclrs (1 thread),yes,9,"1,204,728.000","1,415","26,933","11,704,808.000",19.034,9.716
xpclrs (1 thread),no,19,"465,296.000",708,"14,241","6,055,488.000",20.114,13.014
xpclrs (8 threads),no,15,"578,444.000",401,"18,703","7,983,924.000",46.641,13.802
"xpclrs (8 threads, --fast)",no,18,"553,880.000",311,"19,307","7,493,428.000",62.080,13.529